<?xml version="1.0" encoding="UTF-8"?>
<project-private xmlns="http://www.netbeans.org/ns/project-private/1">
    <editor-bookmarks xmlns="http://www.netbeans.org/ns/editor-bookmarks/2" lastBookmarkId="0"/>
    <open-files xmlns="http://www.netbeans.org/ns/projectui-open-files/2">
        <group>
            <file>file:/G:/3º%20semestre/desenvolvimento%20de%20sistema%201/projeto/projSupermercado/src/supermercado/Testa_supermercado.java</file>
            <file>file:/G:/3º%20semestre/desenvolvimento%20de%20sistema%201/projeto/projSupermercado/src/supermercado/Produto.java</file>
            <file>file:/G:/3º%20semestre/desenvolvimento%20de%20sistema%201/projeto/projSupermercado/src/supermercado/Cliente.java</file>
            <file>file:/G:/3º%20semestre/desenvolvimento%20de%20sistema%201/projeto/projSupermercado/src/supermercado/Pagamento.java</file>
            <file>file:/G:/3º%20semestre/desenvolvimento%20de%20sistema%201/projeto/projSupermercado/src/supermercado/Caixa.java</file>
        </group>
    </open-files>
</project-private>
